contrast,progress_window,medication,odds.ratio,SE,df,null,z.ratio,p.value
ASD / CTRL,01,BOTH,1.4293122656834631,0.46338374194416326,Inf,1,1.1017669702097954,0.2705629933863496
ASD / CTRL,02,BOTH,1.450015712839884,0.46685718018638106,Inf,1,1.1540760877998937,0.24846897589636527
ASD / CTRL,03,BOTH,1.3305811472039057,0.4260975392040366,Inf,1,0.8918967215298675,0.3724482920809819
ASD / CTRL,04,BOTH,1.3416249684390555,0.4273346878082048,Inf,1,0.9226464084364033,0.35619150245042763
ASD / CTRL,05,BOTH,1.3950147404670687,0.4456790317659585,Inf,1,1.04202200186587,0.29740147838914244
ASD / CTRL,06,BOTH,1.430476451901822,0.4543173875223922,Inf,1,1.1272326688543097,0.25964412147349336
ASD / CTRL,07,BOTH,1.3860640699605764,0.4383198574814764,Inf,1,1.032364224481671,0.3019015247633588
ASD / CTRL,08,BOTH,1.400114275843474,0.4418427413650172,Inf,1,1.0664741508932623,0.2862093576339861
ASD / CTRL,09,BOTH,1.6753525649898575,0.5259624916344862,Inf,1,1.6436942279061846,0.10023937885255124
ASD / CTRL,10,BOTH,1.539346687140204,0.48468400277459545,Inf,1,1.369984679143251,0.17069168424344014
ASD / CTRL,11,BOTH,1.468741628651545,0.4638740478179572,Inf,1,1.2171258471162396,0.22355633789402843
ASD / CTRL,12,BOTH,1.3490728996202537,0.42896013538057026,Inf,1,0.9416637058827035,0.34636484241803134
ASD / CTRL,13,BOTH,1.2146363931603261,0.38588411713560583,Inf,1,0.6120482292737934,0.540505848564093
ASD / CTRL,14,BOTH,1.1490404485223398,0.3640212956745971,Inf,1,0.4385264703053318,0.6610046859868874
ASD / CTRL,15,BOTH,1.3995543352684108,0.44410614193881826,Inf,1,1.0593539229549565,0.2894386257926134
ASD / CTRL,16,BOTH,1.40613777212775,0.4463988320589792,Inf,1,1.073653185554817,0.2829781506148933
ASD / CTRL,17,BOTH,1.329029713192425,0.42294615847027067,Inf,1,0.8938285581838012,0.3714136268215601
ASD / CTRL,18,BOTH,1.3801266383816788,0.4394956750493636,Inf,1,1.0117111189516135,0.3116761975899879
ASD / CTRL,19,BOTH,1.1636638537917694,0.3684704136566177,Inf,1,0.4786832875568183,0.632163956903639
ASD / CTRL,20,BOTH,1.1803527304832795,0.3746431183351266,Inf,1,0.5224123786365439,0.6013832390967806
ASD / CTRL,21,BOTH,1.5713750477730375,0.49750915857127365,Inf,1,1.4274805004794802,0.15344144182234937
ASD / CTRL,22,BOTH,1.4945458384584602,0.4739480688816867,Inf,1,1.267104975948985,0.2051177565773222
ASD / CTRL,23,BOTH,1.5833079099378695,0.5041695283688419,Inf,1,1.443077591657699,0.14899861495498323
ASD / CTRL,24,BOTH,1.5681567114453379,0.4985637245374149,Inf,1,1.4150950401914186,0.1570406322223921
ASD / CTRL,25,BOTH,1.201690339048319,0.3821153188656326,Inf,1,0.577798301999264,0.5634003018097035
ASD / CTRL,26,BOTH,1.2262388733797114,0.38998767424270303,Inf,1,0.6412855278348168,0.5213371901473196
ASD / CTRL,27,BOTH,1.206093668495993,0.38223657891418794,Inf,1,0.5912725315112779,0.5543378312037712
ASD / CTRL,28,BOTH,1.3112405299929444,0.4159707456747492,Inf,1,0.8541745961365869,0.39300825667511186
ASD / CTRL,29,BOTH,1.4532452796136253,0.46146206224067976,Inf,1,1.177175628263888,0.23912541413041086
ASD / CTRL,30,BOTH,1.372829172661049,0.43698238470106254,Inf,1,0.9954942685313638,0.3194959304589355
ASD / CTRL,31,BOTH,1.5383461065833306,0.49071422613691795,Inf,1,1.3502314767229482,0.17694174446152758
ASD / CTRL,32,BOTH,1.4451880807402644,0.46101245389487133,Inf,1,1.1543620837531738,0.24835175320615846
ASD / CTRL,33,BOTH,1.585990443832855,0.5087445828347905,Inf,1,1.4378005122968522,0.15049066397521108
ASD / CTRL,34,BOTH,1.586356162324757,0.5097272569271029,Inf,1,1.4360771279752578,0.15098039556158882
ASD / CTRL,35,BOTH,1.381956920540337,0.44281095539772813,Inf,1,1.0096042625362953,0.3126849266211012
ASD / CTRL,36,BOTH,1.7622431721283875,0.5695524442995888,Inf,1,1.7530694690501256,0.07959008342185403
ASD / CTRL,37,BOTH,1.7735530340077532,0.5721775629529101,Inf,1,1.7760554952538878,0.07572377066799921
ASD / CTRL,01,NAL,1.3809092839847275,0.45737787142422603,Inf,1,0.974418977280952,0.3298485506221082
ASD / CTRL,02,NAL,1.4032251582908524,0.46526690392774017,Inf,1,1.0217257531005934,0.3069107186824672
ASD / CTRL,03,NAL,1.4741443708200714,0.4867908754985958,Inf,1,1.1752122639477334,0.23990980494025196
ASD / CTRL,04,NAL,1.4205075016287136,0.4670451572928994,Inf,1,1.0676019248793491,0.2857001149887856
ASD / CTRL,05,NAL,1.2285486455279304,0.40685276135532794,Inf,1,0.6215429844865886,0.5342424216038075
ASD / CTRL,06,NAL,1.2405695376651302,0.4104754995032046,Inf,1,0.6515134119388536,0.5147151222085461
ASD / CTRL,07,NAL,1.0568145465033127,0.35095988695277625,Inf,1,0.16639727092735246,0.8678443215010094
ASD / CTRL,08,NAL,1.0362031707146577,0.3428946949033968,Inf,1,0.10746954609209829,0.9144164840697243
ASD / CTRL,09,NAL,1.0371593257944038,0.33822749368373317,Inf,1,0.1118813165191352,0.9109175108408379
ASD / CTRL,10,NAL,1.1449437703478926,0.3713446480425253,Inf,1,0.4173332459804972,0.6764346741830434
ASD / CTRL,11,NAL,1.149674976939363,0.37219612066553387,Inf,1,0.43083692131058665,0.6665869514688043
ASD / CTRL,12,NAL,1.3294250986496592,0.43126278286921316,Inf,1,0.877769381844911,0.3800688835115199
ASD / CTRL,13,NAL,1.2720255407314338,0.41559846779368537,Inf,1,0.7364386082670695,0.46146381598023006
ASD / CTRL,14,NAL,1.3454200503800642,0.4387612862088711,Inf,1,0.9098217561299128,0.36291651896136934
ASD / CTRL,15,NAL,1.3051385362913945,0.4257354757272272,Inf,1,0.8163998784544633,0.41427146612549953
ASD / CTRL,16,NAL,1.2748178599071422,0.4167038693922689,Inf,1,0.7428056784250942,0.4575993370911899
ASD / CTRL,17,NAL,1.2633301423757006,0.41250709940644764,Inf,1,0.715878449150385,0.47406640659161886
ASD / CTRL,18,NAL,1.101668829495071,0.3602163770611918,Inf,1,0.2961285376723908,0.7671319209198838
ASD / CTRL,19,NAL,1.218048261314457,0.3981149585047878,Inf,1,0.6034934406568226,0.5461804778025403
ASD / CTRL,20,NAL,1.2333438428204289,0.40148714636999705,Inf,1,0.6442747606501413,0.5193972792497565
ASD / CTRL,21,NAL,0.9519631045286632,0.30781402370485805,Inf,1,-0.15224839909723153,0.8789910219087401
ASD / CTRL,22,NAL,0.8607883812992685,0.27841335351725016,Inf,1,-0.46347578855338534,0.643023365388743
ASD / CTRL,23,NAL,0.8769002214487813,0.2846702350162601,Inf,1,-0.4046486435838085,0.68573579718251
ASD / CTRL,24,NAL,0.9238579461729838,0.30101110351405846,Inf,1,-0.243069897572687,0.8079512502343433
ASD / CTRL,25,NAL,1.0283976168231612,0.3325983614127415,Inf,1,0.08658210326798418,0.9310036919941513
ASD / CTRL,26,NAL,1.05559133914068,0.34069200050890086,Inf,1,0.16762552279083323,0.8668778910164452
ASD / CTRL,27,NAL,0.8300269607875247,0.26778352042825265,Inf,1,-0.5774500686913455,0.5636354595382803
ASD / CTRL,28,NAL,0.800438165520649,0.2593785808417756,Inf,1,-0.6869276899872853,0.4921282966929203
ASD / CTRL,29,NAL,0.7266708834386033,0.23645616489269172,Inf,1,-0.9812078656245646,0.326490246140574
ASD / CTRL,30,NAL,0.6484320858000454,0.21232336991060352,Inf,1,-1.322979597405951,0.18584216286793032
ASD / CTRL,31,NAL,0.7052551104653533,0.23363808354164833,Inf,1,-1.054074901318465,0.2918486261428291
ASD / CTRL,32,NAL,0.9317317321307005,0.30888238297560483,Inf,1,-0.213295019487974,0.831096858050193
ASD / CTRL,33,NAL,0.9644574934608335,0.3202106385838311,Inf,1,-0.1090009145847929,0.9132017649249031
ASD / CTRL,34,NAL,1.1220691368044142,0.3731664282996656,Inf,1,0.3463164347921102,0.7291049187572398
ASD / CTRL,35,NAL,1.0445237458905752,0.3486197233778564,Inf,1,0.13051624282617594,0.8961580041428168
ASD / CTRL,36,NAL,0.9902126928284566,0.3312457330928466,Inf,1,-0.029401901615378746,0.976544056191925
ASD / CTRL,37,NAL,1.1148634323437705,0.37333801370044584,Inf,1,0.32469566919309745,0.7454114127065177
ASD / CTRL,01,OXT,1.907277552991732,0.639903372684039,Inf,1,1.9244858439103227,0.054293713454641894
ASD / CTRL,02,OXT,1.638715493785631,0.5453746791426062,Inf,1,1.4840850228676603,0.1377863660186635
ASD / CTRL,03,OXT,1.6229849214610979,0.5415494152718628,Inf,1,1.451313607726639,0.14669255382926424
ASD / CTRL,04,OXT,1.2399536625294145,0.4008201884001721,Inf,1,0.6653402551089878,0.5058328886931769
ASD / CTRL,05,OXT,1.1017408307141383,0.35676244546961844,Inf,1,0.2992168192390136,0.7647746169453908
ASD / CTRL,06,OXT,1.2321671094385331,0.39830297982009816,Inf,1,0.645852733083742,0.5183747331215421
ASD / CTRL,07,OXT,1.3481784696248875,0.43373283547992386,Inf,1,0.9286229132001169,0.3530845429947194
ASD / CTRL,08,OXT,1.4654974892687929,0.4730255371013737,Inf,1,1.1840914050083653,0.23637688208277102
ASD / CTRL,09,OXT,1.5438202084634907,0.4965787191063938,Inf,1,1.3500767092939594,0.17699137836523499
ASD / CTRL,10,OXT,1.5330160852429868,0.4936249545624485,Inf,1,1.3268400005880587,0.18456161532034424
ASD / CTRL,11,OXT,1.5336577533931688,0.49481403296804,Inf,1,1.3255025891732162,0.18500451123947056
ASD / CTRL,12,OXT,1.1403998822284975,0.359042818573135,Inf,1,0.4172888569856451,0.6764671379941808
ASD / CTRL,13,OXT,1.1474058081543173,0.3600045334729756,Inf,1,0.43825115003069876,0.6612042332917643
ASD / CTRL,14,OXT,1.1295565299416543,0.35498109541821393,Inf,1,0.38764977590940264,0.698275227852888
ASD / CTRL,15,OXT,1.1242832112298717,0.3544814865685061,Inf,1,0.3715424759100608,0.7102335251363907
ASD / CTRL,16,OXT,1.6406775981859294,0.5196879516722016,Inf,1,1.5630818021114998,0.11803335536442806
ASD / CTRL,17,OXT,1.212205945679769,0.38262626477584055,Inf,1,0.609678712740034,0.5420746585336094
ASD / CTRL,18,OXT,1.5978110529688292,0.5108478370627365,Inf,1,1.4657780466335169,0.14270876370816238
ASD / CTRL,19,OXT,1.2714950445308757,0.4076096214424527,Inf,1,0.7492578992514884,0.4537017777437302
ASD / CTRL,20,OXT,1.3160922253554763,0.4195206622217337,Inf,1,0.8616667020966889,0.3888709540425662
ASD / CTRL,21,OXT,1.287041300452446,0.4106048367443319,Inf,1,0.7909788654607529,0.42895632456843596
ASD / CTRL,22,OXT,1.2255745944918994,0.38968618413059103,Inf,1,0.6397298184250875,0.5223482662398813
ASD / CTRL,23,OXT,1.33329525079153,0.42287195448636133,Inf,1,0.9069578979427235,0.3644290618715758
ASD / CTRL,24,OXT,1.4118312001370272,0.4487560920456079,Inf,1,1.0850505699389914,0.27789925829021417
ASD / CTRL,25,OXT,1.3870375891578934,0.43911177922447625,Inf,1,1.0334439775957334,0.3013961749417433
ASD / CTRL,26,OXT,1.4093995029010153,0.44674332381782966,Inf,1,1.0826234295487058,0.2789756033948108
ASD / CTRL,27,OXT,1.273636651963309,0.40385604028451416,Inf,1,0.7628028503617535,0.4455809809665167
ASD / CTRL,28,OXT,1.3437370385204639,0.42429094712222293,Inf,1,0.9357099124986832,0.3494225655633851
ASD / CTRL,29,OXT,1.2137657261813157,0.38494947123707157,Inf,1,0.610833516285484,0.5413098023141046
ASD / CTRL,30,OXT,1.107641361029542,0.3520669807383117,Inf,1,0.3216357805428613,0.7477286340743561
ASD / CTRL,31,OXT,1.22682722216965,0.38744691293327593,Inf,1,0.6473194850112955,0.5174251933094031
ASD / CTRL,32,OXT,1.169361531548662,0.3701832230057491,Inf,1,0.4942305285143503,0.6211433817960201
ASD / CTRL,33,OXT,1.2373968068888925,0.3902860470432874,Inf,1,0.6753448594156333,0.49945668940772575
ASD / CTRL,34,OXT,1.3274223359111146,0.4176707512688246,Inf,1,0.9001773093122706,0.36802589943709424
ASD / CTRL,35,OXT,1.3099739025316355,0.41187463432301824,Inf,1,0.8587622932822624,0.39047167468331406
ASD / CTRL,36,OXT,1.3872502953560262,0.4357398183699332,Inf,1,1.0420891509863182,0.29737034799767065
ASD / CTRL,37,OXT,1.4251591430046762,0.45384552793618255,Inf,1,1.1125158657073182,0.26591641239081393
ASD / CTRL,01,PLA,1.436399148417173,0.46213653129536214,Inf,1,1.1255909821271954,0.26033868689810635
ASD / CTRL,02,PLA,1.1468046248387518,0.36279303644703514,Inf,1,0.43299814048513635,0.6650161207378467
ASD / CTRL,03,PLA,1.5409181272298569,0.48578578021903984,Inf,1,1.3715093781704066,0.17021622206675163
ASD / CTRL,04,PLA,1.4947557317789169,0.4691790683387015,Inf,1,1.2806117000051886,0.20033008837376318
ASD / CTRL,05,PLA,1.6999046079630271,0.5321095343390077,Inf,1,1.6949931574816925,0.09007671882511259
ASD / CTRL,06,PLA,1.8706527096018049,0.588591372138464,Inf,1,1.990457727893735,0.046540536159562794
ASD / CTRL,07,PLA,1.845781700917936,0.5784108392981191,Inf,1,1.95585011935863,0.050482812766895
ASD / CTRL,08,PLA,2.0598603966990825,0.651765345075931,Inf,1,2.283849310347133,0.02238038853879227
ASD / CTRL,09,PLA,1.6417105175752595,0.516958720480961,Inf,1,1.5743218951196836,0.11541305039500001
ASD / CTRL,10,PLA,1.62377243897044,0.5115150144227336,Inf,1,1.5388152658823069,0.12384940191157709
ASD / CTRL,11,PLA,1.7983856011518853,0.5686732475093819,Inf,1,1.8559927070030597,0.06345459757943248
ASD / CTRL,12,PLA,2.1315738910794724,0.6767919390946876,Inf,1,2.3837523021126854,0.01713713275542884
ASD / CTRL,13,PLA,2.409557665402427,0.76620426195857,Inf,1,2.7656712228659455,0.0056805774668614115
ASD / CTRL,14,PLA,1.9459497539450221,0.6116178177867548,Inf,1,2.118179570159445,0.03415986271286589
ASD / CTRL,15,PLA,1.8837423424111701,0.6026188817061153,Inf,1,1.9795254953490655,0.04775687205993056
ASD / CTRL,16,PLA,1.65159686346273,0.5254616016982747,Inf,1,1.5770448840986593,0.11478519776169518
ASD / CTRL,17,PLA,1.6005357151575004,0.5117462243822611,Inf,1,1.471028732263245,0.14128334673640758
ASD / CTRL,18,PLA,1.762488617839005,0.5632327233632712,Inf,1,1.7734224042255655,0.07615873926143965
ASD / CTRL,19,PLA,1.256963477328096,0.40038293763407323,Inf,1,0.7179779770827442,0.47277086600162876
ASD / CTRL,20,PLA,1.702039012262477,0.5416136057832244,Inf,1,1.6712841207087372,0.09466557140810171
ASD / CTRL,21,PLA,2.0377102769948983,0.6436182533527834,Inf,1,2.253660000128297,0.024217565581801253
ASD / CTRL,22,PLA,1.809419814703444,0.5680010056803725,Inf,1,1.8890763350967765,0.0588816009123214
ASD / CTRL,23,PLA,1.4769876315678827,0.47060784262221234,Inf,1,1.224017030406696,0.22094580308377135
ASD / CTRL,24,PLA,1.3814045509956416,0.44159643673318905,Inf,1,1.010725721378817,0.31214772276239217
ASD / CTRL,25,PLA,1.4188441510463896,0.45713693284897705,Inf,1,1.0858279811500635,0.27755510441089754
ASD / CTRL,26,PLA,1.1919147338479479,0.3819965054987787,Inf,1,0.547789783924241,0.5838362541724751
ASD / CTRL,27,PLA,1.3929787727960226,0.4440146703071754,Inf,1,1.0398194535530825,0.29842378933474956
ASD / CTRL,28,PLA,1.4780492999750467,0.47364999744548025,Inf,1,1.2192718729100767,0.222741020521505
ASD / CTRL,29,PLA,1.547833689747181,0.49377548939820143,Inf,1,1.3694097127195428,0.1708712398778113
ASD / CTRL,30,PLA,1.7916956547867735,0.5722823947048042,Inf,1,1.8257588623748542,0.06788659237937353
ASD / CTRL,31,PLA,1.8651069652556216,0.596025513164665,Inf,1,1.950512979640381,0.05111500787434412
ASD / CTRL,32,PLA,1.805058830264168,0.5780955540938789,Inf,1,1.8440817174266464,0.06517123191582949
ASD / CTRL,33,PLA,1.8146128553675644,0.578780298087864,Inf,1,1.8681998209838742,0.06173422374326715
ASD / CTRL,34,PLA,1.8100610015413956,0.5807633810486297,Inf,1,1.849322497632159,0.06441125905047602
ASD / CTRL,35,PLA,1.5754203884228948,0.5035301359221325,Inf,1,1.422086606007995,0.1550011105890176
ASD / CTRL,36,PLA,1.6652341199786682,0.533787622181062,Inf,1,1.590917982942534,0.11162803492641397
ASD / CTRL,37,PLA,1.8676888841957837,0.6018920763910474,Inf,1,1.938468054678539,0.05256614457260508
