model,contrast_family,fix,term,contrast,null.value,estimate,std.error,df,statistic,p.value,medication,Sex,p_display,sig,significant_0_05
full_anonymized,group_by_aoi,Eyes,Group,ASD - CTRL,0,-0.19844685142548546,0.11055433830977124,Inf,-1.7950164096631016,0.0726510854915309,NA,NA,0.073,.,FALSE
full_anonymized,group_by_aoi,Mouth,Group,ASD - CTRL,0,-0.002845585389647437,0.12327940034379861,Inf,-0.023082407780308286,0.9815845385059131,NA,NA,0.982,,FALSE
full_anonymized,group_by_aoi,Face,Group,ASD - CTRL,0,-0.1685380820770136,0.11659586500585137,Inf,-1.4454893582079906,0.14832048001209222,NA,NA,0.148,,FALSE
full_anonymized,group_by_aoi,Background,Group,ASD - CTRL,0,0.26916412667027545,0.10643009293685117,Inf,2.529022753273177,0.011438061183890022,NA,NA,0.011,*,TRUE
full_anonymized,group_by_aoi_medication,Eyes,Group,ASD - CTRL,0,-0.10245831460713554,0.21778531266386197,Inf,-0.4704555755110702,0.6380295662003025,NAL/OXT,NA,0.638,,FALSE
full_anonymized,group_by_aoi_medication,Mouth,Group,ASD - CTRL,0,-0.17402074499064912,0.24388943464174062,Inf,-0.7135230980639873,0.4755221252966373,NAL/OXT,NA,0.476,,FALSE
full_anonymized,group_by_aoi_medication,Face,Group,ASD - CTRL,0,-0.26103284471941346,0.2312118129206937,Inf,-1.1289771116017695,0.2589074892115933,NAL/OXT,NA,0.259,,FALSE
full_anonymized,group_by_aoi_medication,Background,Group,ASD - CTRL,0,0.38600720029620406,0.20932045324034515,Inf,1.8440969065406347,0.06516901868151057,NAL/OXT,NA,0.065,.,FALSE
full_anonymized,group_by_aoi_medication,Eyes,Group,ASD - CTRL,0,0.01464744324213925,0.22560608820758288,Inf,0.06492485800587952,0.9482338285187939,NAL/PLA,NA,0.948,,FALSE
full_anonymized,group_by_aoi_medication,Mouth,Group,ASD - CTRL,0,-0.03553992131835643,0.24718826658631318,Inf,-0.14377673264659832,0.8856767766132252,NAL/PLA,NA,0.886,,FALSE
full_anonymized,group_by_aoi_medication,Face,Group,ASD - CTRL,0,-0.1316587939249635,0.23738988144730572,Inf,-0.55460996535435,0.5791614712810111,NAL/PLA,NA,0.579,,FALSE
full_anonymized,group_by_aoi_medication,Background,Group,ASD - CTRL,0,0.10834388940616138,0.21494098572551038,Inf,0.5040634248533761,0.6142168078981761,NAL/PLA,NA,0.614,,FALSE
full_anonymized,group_by_aoi_medication,Eyes,Group,ASD - CTRL,0,-0.20837115883195456,0.21576996924320638,Inf,-0.965709730426331,0.33418944911949955,PLA/OXT,NA,0.334,,FALSE
full_anonymized,group_by_aoi_medication,Mouth,Group,ASD - CTRL,0,0.20920703190326848,0.24096729551407367,Inf,0.8681967876883515,0.38528661249373075,PLA/OXT,NA,0.385,,FALSE
full_anonymized,group_by_aoi_medication,Face,Group,ASD - CTRL,0,-0.24257556183207296,0.2256316860130712,Inf,-1.0750952852340967,0.28233207011874917,PLA/OXT,NA,0.282,,FALSE
full_anonymized,group_by_aoi_medication,Background,Group,ASD - CTRL,0,0.18095191545642844,0.20860546809844024,Inf,0.8674361084870403,0.3857031046661561,PLA/OXT,NA,0.386,,FALSE
full_anonymized,group_by_aoi_medication,Eyes,Group,ASD - CTRL,0,-0.49760537550499073,0.22545067469500638,Inf,-2.207158511182812,0.02730298717642326,PLA/PLA,NA,0.027,*,TRUE
full_anonymized,group_by_aoi_medication,Mouth,Group,ASD - CTRL,0,-0.011028707152852618,0.25255660871361607,Inf,-0.04366825801560594,0.9651688415038167,PLA/PLA,NA,0.965,,FALSE
full_anonymized,group_by_aoi_medication,Face,Group,ASD - CTRL,0,-0.03888512783160425,0.23797291613215776,Inf,-0.16340148477236574,0.8702023339166686,PLA/PLA,NA,0.870,,FALSE
full_anonymized,group_by_aoi_medication,Background,Group,ASD - CTRL,0,0.40135350152230787,0.21629555110860457,Inf,1.8555790882669774,0.06351357664959847,PLA/PLA,NA,0.064,.,FALSE
full_anonymized,group_by_aoi_sex,Eyes,Group,ASD - CTRL,0,-0.4773701594122673,0.1588622682966993,Inf,-3.0049310294418454,0.0026564107820583383,NA,f,0.003,**,TRUE
full_anonymized,group_by_aoi_sex,Mouth,Group,ASD - CTRL,0,0.04368463061799263,0.1753269752584754,Inf,0.24916092092269693,0.8032363068748758,NA,f,0.803,,FALSE
full_anonymized,group_by_aoi_sex,Face,Group,ASD - CTRL,0,-0.4314273779464114,0.16885259234953345,Inf,-2.5550533275398863,0.010617153053043548,NA,f,0.011,*,TRUE
full_anonymized,group_by_aoi_sex,Background,Group,ASD - CTRL,0,0.6077164985298862,0.14814269055212734,Inf,4.102237486472864,4.091739725166002e-5,NA,f,<0.001,***,TRUE
full_anonymized,group_by_aoi_sex,Eyes,Group,ASD - CTRL,0,0.08047645656129634,0.15398080242445716,Inf,0.5226395452821336,0.6012251156834723,NA,m,0.601,,FALSE
full_anonymized,group_by_aoi_sex,Mouth,Group,ASD - CTRL,0,-0.04937580139728748,0.17343456243162983,Inf,-0.2846941273124384,0.7758784902743,NA,m,0.776,,FALSE
full_anonymized,group_by_aoi_sex,Face,Group,ASD - CTRL,0,0.09435121379238409,0.1609951347080868,Inf,0.5860500937712178,0.5578418520668502,NA,m,0.558,,FALSE
full_anonymized,group_by_aoi_sex,Background,Group,ASD - CTRL,0,-0.06938824518933537,0.1529301218235676,Inf,-0.45372516782133465,0.6500266499887699,NA,m,0.650,,FALSE
exclude_asd_medication_records,group_by_aoi,Eyes,Group,ASD - CTRL,0,-0.45305698575014985,0.15468465718012095,Inf,-2.928907068156038,0.003401561053998689,NA,NA,0.003,**,TRUE
exclude_asd_medication_records,group_by_aoi,Mouth,Group,ASD - CTRL,0,0.3506142819911509,0.15871528402166135,Inf,2.2090769906148378,0.027169286247810006,NA,NA,0.027,*,TRUE
exclude_asd_medication_records,group_by_aoi,Face,Group,ASD - CTRL,0,-0.16245356901366625,0.15775280766256783,Inf,-1.0297982737724283,0.3031047112588839,NA,NA,0.303,,FALSE
exclude_asd_medication_records,group_by_aoi,Background,Group,ASD - CTRL,0,0.34835652228404496,0.13749754951559137,Inf,2.5335471323766643,0.011291455411974098,NA,NA,0.011,*,TRUE
exclude_asd_medication_records,group_by_aoi_medication,Eyes,Group,ASD - CTRL,0,-0.35059018013825904,0.29319582776087794,Inf,-1.195754328483113,0.23179244343214558,NAL/OXT,NA,0.232,,FALSE
exclude_asd_medication_records,group_by_aoi_medication,Mouth,Group,ASD - CTRL,0,0.33757869214382336,0.32024164830337865,Inf,1.0541373801074763,0.29182002445037614,NAL/OXT,NA,0.292,,FALSE
exclude_asd_medication_records,group_by_aoi_medication,Face,Group,ASD - CTRL,0,-0.3327536106748036,0.3147607127727887,Inf,-1.0571637347733518,0.2904368676047377,NAL/OXT,NA,0.290,,FALSE
exclude_asd_medication_records,group_by_aoi_medication,Background,Group,ASD - CTRL,0,0.5205583629508073,0.2754281092073242,Inf,1.8899972281295556,0.058758330797789374,NAL/OXT,NA,0.059,.,FALSE
exclude_asd_medication_records,group_by_aoi_medication,Eyes,Group,ASD - CTRL,0,-0.18234747530273487,0.29121632655782753,Inf,-0.6261581466193163,0.5312112162704109,NAL/PLA,NA,0.531,,FALSE
exclude_asd_medication_records,group_by_aoi_medication,Mouth,Group,ASD - CTRL,0,0.3484720414717944,0.3054513052902303,Inf,1.1408431898521014,0.25393518391821035,NAL/PLA,NA,0.254,,FALSE
exclude_asd_medication_records,group_by_aoi_medication,Face,Group,ASD - CTRL,0,-0.16005148654303947,0.30196689522858866,Inf,-0.5300299108015819,0.5960911927352783,NAL/PLA,NA,0.596,,FALSE
exclude_asd_medication_records,group_by_aoi_medication,Background,Group,ASD - CTRL,0,0.1655920538565066,0.2667864344809532,Inf,0.620691431251647,0.5348026683769586,NAL/PLA,NA,0.535,,FALSE
exclude_asd_medication_records,group_by_aoi_medication,Eyes,Group,ASD - CTRL,0,-0.4605589596731261,0.28343079577921887,Inf,-1.6249432543381168,0.1041746505570053,PLA/OXT,NA,0.104,,FALSE
exclude_asd_medication_records,group_by_aoi_medication,Mouth,Group,ASD - CTRL,0,0.5260858747206798,0.307422987076608,Inf,1.7112769598767263,0.08702999752781461,PLA/OXT,NA,0.087,.,FALSE
exclude_asd_medication_records,group_by_aoi_medication,Face,Group,ASD - CTRL,0,-0.18639940352276618,0.2944967674656327,Inf,-0.6329421036667872,0.5267714515827622,PLA/OXT,NA,0.527,,FALSE
exclude_asd_medication_records,group_by_aoi_medication,Background,Group,ASD - CTRL,0,0.14189313144674115,0.27020432377998543,Inf,0.5251327197942176,0.5994909317932906,PLA/OXT,NA,0.599,,FALSE
exclude_asd_medication_records,group_by_aoi_medication,Eyes,Group,ASD - CTRL,0,-0.8187313278864797,0.2966637128794787,Inf,-2.759795999111944,0.005783746537838769,PLA/PLA,NA,0.006,**,TRUE
exclude_asd_medication_records,group_by_aoi_medication,Mouth,Group,ASD - CTRL,0,0.19032051962830515,0.3226839490069878,Inf,0.5898047306473979,0.5553215707764969,PLA/PLA,NA,0.555,,FALSE
exclude_asd_medication_records,group_by_aoi_medication,Face,Group,ASD - CTRL,0,0.029390224685943878,0.30047945815475297,Inf,0.0978110945301536,0.9220822974689261,PLA/PLA,NA,0.922,,FALSE
exclude_asd_medication_records,group_by_aoi_medication,Background,Group,ASD - CTRL,0,0.565382540882124,0.2648124864248754,Inf,2.1350297658358994,0.032758578822639065,PLA/PLA,NA,0.033,*,TRUE
exclude_asd_medication_records,group_by_aoi_sex,Eyes,Group,ASD - CTRL,0,-1.025746719196244,0.2559824009042817,Inf,-4.007098595734308,6.146920729147336e-5,NA,f,<0.001,***,TRUE
exclude_asd_medication_records,group_by_aoi_sex,Mouth,Group,ASD - CTRL,0,0.775111502293483,0.24516257213139075,Inf,3.161622492188877,0.0015689281601298961,NA,f,0.002,**,TRUE
exclude_asd_medication_records,group_by_aoi_sex,Face,Group,ASD - CTRL,0,-0.3506688051315246,0.2551043242232928,Inf,-1.3746094120481633,0.1692525690686617,NA,f,0.169,,FALSE
exclude_asd_medication_records,group_by_aoi_sex,Background,Group,ASD - CTRL,0,0.49496483080476217,0.21531082163637816,Inf,2.2988386140696173,0.02151410523138976,NA,f,0.022,*,TRUE
exclude_asd_medication_records,group_by_aoi_sex,Eyes,Group,ASD - CTRL,0,0.11963274769594429,0.1741374647561402,Inf,0.6870017768059068,0.49208160874742585,NA,m,0.492,,FALSE
exclude_asd_medication_records,group_by_aoi_sex,Mouth,Group,ASD - CTRL,0,-0.0738829383111812,0.203039183383046,Inf,-0.3638851234532226,0.7159437939889848,NA,m,0.716,,FALSE
exclude_asd_medication_records,group_by_aoi_sex,Face,Group,ASD - CTRL,0,0.025761667104192032,0.18540105741833146,Inf,0.13895102575420834,0.8894888493000946,NA,m,0.889,,FALSE
exclude_asd_medication_records,group_by_aoi_sex,Background,Group,ASD - CTRL,0,0.20174821376332774,0.17139426292621446,Inf,1.1771001567898496,0.23915553253990773,NA,m,0.239,,FALSE
exclude_asd_disorder_records,group_by_aoi,Eyes,Group,ASD - CTRL,0,-0.2966322655596474,0.1719618187801139,Inf,-1.7249891148159378,0.0845294342094231,NA,NA,0.085,.,FALSE
exclude_asd_disorder_records,group_by_aoi,Mouth,Group,ASD - CTRL,0,0.41804874886129123,0.17503752593635577,Inf,2.3883378528401686,0.016924774932495643,NA,NA,0.017,*,TRUE
exclude_asd_disorder_records,group_by_aoi,Face,Group,ASD - CTRL,0,-0.1903857795990223,0.17723169218471793,Inf,-1.0742197247690592,0.28272421387141505,NA,NA,0.283,,FALSE
exclude_asd_disorder_records,group_by_aoi,Background,Group,ASD - CTRL,0,0.059492990334310436,0.15699064128089582,Inf,0.37895883378081424,0.7047184336843089,NA,NA,0.705,,FALSE
exclude_asd_disorder_records,group_by_aoi_medication,Eyes,Group,ASD - CTRL,0,-0.2471939598945054,0.3268308729799677,Inf,-0.7563360145283966,0.4494477604496363,NAL/OXT,NA,0.449,,FALSE
exclude_asd_disorder_records,group_by_aoi_medication,Mouth,Group,ASD - CTRL,0,0.34249972262728906,0.35279409320635863,Inf,0.9708204565288793,0.3316376939547424,NAL/OXT,NA,0.332,,FALSE
exclude_asd_disorder_records,group_by_aoi_medication,Face,Group,ASD - CTRL,0,-0.365383471704035,0.35134711365755555,Inf,-1.039950116283466,0.29836307693900244,NAL/OXT,NA,0.298,,FALSE
exclude_asd_disorder_records,group_by_aoi_medication,Background,Group,ASD - CTRL,0,0.34326423782648274,0.3067058021165796,Inf,1.119197078951924,0.2630560713453981,NAL/OXT,NA,0.263,,FALSE
exclude_asd_disorder_records,group_by_aoi_medication,Eyes,Group,ASD - CTRL,0,0.17044272560830323,0.3261046059987856,Inf,0.5226627360453104,0.6012089743932287,NAL/PLA,NA,0.601,,FALSE
exclude_asd_disorder_records,group_by_aoi_medication,Mouth,Group,ASD - CTRL,0,0.35749050995579573,0.34639891652141236,Inf,1.0320197116831853,0.30206288345073473,NAL/PLA,NA,0.302,,FALSE
exclude_asd_disorder_records,group_by_aoi_medication,Face,Group,ASD - CTRL,0,-0.07789213508538145,0.3451366443482392,Inf,-0.22568491744037794,0.821446489604974,NAL/PLA,NA,0.821,,FALSE
exclude_asd_disorder_records,group_by_aoi_medication,Background,Group,ASD - CTRL,0,-0.3041672392813302,0.31668913234435714,Inf,-0.9604599849374968,0.3368237608359681,NAL/PLA,NA,0.337,,FALSE
exclude_asd_disorder_records,group_by_aoi_medication,Eyes,Group,ASD - CTRL,0,-0.5245405176371872,0.31448865866747655,Inf,-1.6679155294811705,0.09533249641565088,PLA/OXT,NA,0.095,.,FALSE
exclude_asd_disorder_records,group_by_aoi_medication,Mouth,Group,ASD - CTRL,0,0.5950561196490507,0.3367772531416121,Inf,1.766913038508674,0.07724279308279237,PLA/OXT,NA,0.077,.,FALSE
exclude_asd_disorder_records,group_by_aoi_medication,Face,Group,ASD - CTRL,0,-0.1892871284160515,0.3215313796293113,Inf,-0.5887049924467024,0.5560591882780213,PLA/OXT,NA,0.556,,FALSE
exclude_asd_disorder_records,group_by_aoi_medication,Background,Group,ASD - CTRL,0,-0.07678625147315404,0.3017518512531362,Inf,-0.25446820344024645,0.7991338657264058,PLA/OXT,NA,0.799,,FALSE
exclude_asd_disorder_records,group_by_aoi_medication,Eyes,Group,ASD - CTRL,0,-0.5852373103151997,0.3354793326365528,Inf,-1.7444809661322012,0.0810752575614709,PLA/PLA,NA,0.081,.,FALSE
exclude_asd_disorder_records,group_by_aoi_medication,Mouth,Group,ASD - CTRL,0,0.3771486432130294,0.35721319864447376,Inf,1.0558082530102615,0.29105582691967374,PLA/PLA,NA,0.291,,FALSE
exclude_asd_disorder_records,group_by_aoi_medication,Face,Group,ASD - CTRL,0,-0.12898038319062094,0.35171402250949013,Inf,-0.3667194792813264,0.7138282750114784,PLA/PLA,NA,0.714,,FALSE
exclude_asd_disorder_records,group_by_aoi_medication,Background,Group,ASD - CTRL,0,0.27566121426524315,0.30957147212752495,Inf,0.8904606499131393,0.37321858859623563,PLA/PLA,NA,0.373,,FALSE
exclude_asd_disorder_records,group_by_aoi_sex,Eyes,Group,ASD - CTRL,0,-0.9769087299024393,0.28310364692299855,Inf,-3.4507105101621987,5.591129417736578e-4,NA,f,<0.001,***,TRUE
exclude_asd_disorder_records,group_by_aoi_sex,Mouth,Group,ASD - CTRL,0,1.0489808825589106,0.2633658785558295,Inf,3.9829794516700954,6.805664195235399e-5,NA,f,<0.001,***,TRUE
exclude_asd_disorder_records,group_by_aoi_sex,Face,Group,ASD - CTRL,0,-0.3527335646237658,0.2843364511626331,Inf,-1.2405499301319314,0.21477205832937188,NA,f,0.215,,FALSE
exclude_asd_disorder_records,group_by_aoi_sex,Background,Group,ASD - CTRL,0,0.15019431726623567,0.24418646136366726,Inf,0.6150804447858026,0.5385015956997895,NA,f,0.539,,FALSE
exclude_asd_disorder_records,group_by_aoi_sex,Eyes,Group,ASD - CTRL,0,0.3836441987831446,0.19539474652456668,Inf,1.9634314924373344,0.04959605751846399,NA,m,0.050,*,TRUE
exclude_asd_disorder_records,group_by_aoi_sex,Mouth,Group,ASD - CTRL,0,-0.21288338483632818,0.2311299535530892,Inf,-0.9210549371197364,0.35702174552910065,NA,m,0.357,,FALSE
exclude_asd_disorder_records,group_by_aoi_sex,Face,Group,ASD - CTRL,0,-0.0280379945742788,0.2109889048633668,Inf,-0.13288847862609543,0.8942815788121801,NA,m,0.894,,FALSE
exclude_asd_disorder_records,group_by_aoi_sex,Background,Group,ASD - CTRL,0,-0.031208336597614794,0.19749390253998395,Inf,-0.15802177280534754,0.8744396420516957,NA,m,0.874,,FALSE
exclude_asd_medication_or_disorder_records,group_by_aoi,Eyes,Group,ASD - CTRL,0,-0.6151038964777709,0.20884509014088468,Inf,-2.945263860705695,0.0032267935248244126,NA,NA,0.003,**,TRUE
exclude_asd_medication_or_disorder_records,group_by_aoi,Mouth,Group,ASD - CTRL,0,0.5173442122062457,0.1973798966460042,Inf,2.621058278969967,0.008765727563624386,NA,NA,0.009,**,TRUE
exclude_asd_medication_or_disorder_records,group_by_aoi,Face,Group,ASD - CTRL,0,-0.25037587171070286,0.2056171826690673,Inf,-1.2176797116886524,0.22334570977854631,NA,NA,0.223,,FALSE
exclude_asd_medication_or_disorder_records,group_by_aoi,Background,Group,ASD - CTRL,0,0.3787156373235863,0.178720431535298,Inf,2.1190394073594683,0.034087136728414666,NA,NA,0.034,*,TRUE
exclude_asd_medication_or_disorder_records,group_by_aoi_medication,Eyes,Group,ASD - CTRL,0,-0.45412181500462273,0.3672623107039219,Inf,-1.2365053580755931,0.21627077531307487,NAL/OXT,NA,0.216,,FALSE
exclude_asd_medication_or_disorder_records,group_by_aoi_medication,Mouth,Group,ASD - CTRL,0,0.4731157200095999,0.3918618929517756,Inf,1.207353224488771,0.22729614126889058,NAL/OXT,NA,0.227,,FALSE
exclude_asd_medication_or_disorder_records,group_by_aoi_medication,Face,Group,ASD - CTRL,0,-0.49296399398343704,0.3992234195431105,Inf,-1.2348073030074425,0.2169022287623704,NAL/OXT,NA,0.217,,FALSE
exclude_asd_medication_or_disorder_records,group_by_aoi_medication,Background,Group,ASD - CTRL,0,0.589130714378842,0.33962184347718494,Inf,1.7346667350576894,0.08279985157904503,NAL/OXT,NA,0.083,.,FALSE
exclude_asd_medication_or_disorder_records,group_by_aoi_medication,Eyes,Group,ASD - CTRL,0,-0.22296475687901612,0.38722700848848846,Inf,-0.5757985677428398,0.5647513417457165,NAL/PLA,NA,0.565,,FALSE
exclude_asd_medication_or_disorder_records,group_by_aoi_medication,Mouth,Group,ASD - CTRL,0,0.5081625802762806,0.38177729879420386,Inf,1.3310445170031036,0.18317436343055565,NAL/PLA,NA,0.183,,FALSE
exclude_asd_medication_or_disorder_records,group_by_aoi_medication,Face,Group,ASD - CTRL,0,-0.18198711819277724,0.3891089392105214,Inf,-0.4677022290004905,0.6399975468724015,NAL/PLA,NA,0.640,,FALSE
exclude_asd_medication_or_disorder_records,group_by_aoi_medication,Background,Group,ASD - CTRL,0,-0.015877331214724094,0.3563489286632794,Inf,-0.0445555744317303,0.9644615539345924,NAL/PLA,NA,0.964,,FALSE
exclude_asd_medication_or_disorder_records,group_by_aoi_medication,Eyes,Group,ASD - CTRL,0,-0.7131571994277957,0.3607366507968982,Inf,-1.976946888685611,0.04804763395956161,PLA/OXT,NA,0.048,*,TRUE
exclude_asd_medication_or_disorder_records,group_by_aoi_medication,Mouth,Group,ASD - CTRL,0,0.6553786817433227,0.3886639617746754,Inf,1.6862347585580186,0.0917505915287122,PLA/OXT,NA,0.092,.,FALSE
exclude_asd_medication_or_disorder_records,group_by_aoi_medication,Face,Group,ASD - CTRL,0,-0.1940802058292309,0.37627817153644216,Inf,-0.5157891701151589,0.6060016672866062,PLA/OXT,NA,0.606,,FALSE
exclude_asd_medication_or_disorder_records,group_by_aoi_medication,Background,Group,ASD - CTRL,0,0.26028594537184163,0.34517006412593493,Inf,0.7540802996081276,0.4508010060242976,PLA/OXT,NA,0.451,,FALSE
exclude_asd_medication_or_disorder_records,group_by_aoi_medication,Eyes,Group,ASD - CTRL,0,-1.0701718145996488,0.39553557845003756,Inf,-2.7056271873020106,0.006817553568497186,PLA/PLA,NA,0.007,**,TRUE
exclude_asd_medication_or_disorder_records,group_by_aoi_medication,Mouth,Group,ASD - CTRL,0,0.43271986679577945,0.40022218089219896,Inf,1.0811991125307816,0.279608552714154,PLA/PLA,NA,0.280,,FALSE
exclude_asd_medication_or_disorder_records,group_by_aoi_medication,Face,Group,ASD - CTRL,0,-0.13247216883736623,0.39546263854072317,Inf,-0.33498023814890615,0.7376399935443785,PLA/PLA,NA,0.738,,FALSE
exclude_asd_medication_or_disorder_records,group_by_aoi_medication,Background,Group,ASD - CTRL,0,0.6813232207583861,0.3503033387894406,Inf,1.9449521181067422,0.05178074143621669,PLA/PLA,NA,0.052,.,FALSE
exclude_asd_medication_or_disorder_records,group_by_aoi_sex,Eyes,Group,ASD - CTRL,0,-1.6064895041757459,0.36027062112912034,Inf,-4.459118812244152,8.229729464217185e-6,NA,f,<0.001,***,TRUE
exclude_asd_medication_or_disorder_records,group_by_aoi_sex,Mouth,Group,ASD - CTRL,0,1.1184957224261227,0.30428385250661255,Inf,3.675830029139703,2.370773353040743e-4,NA,f,<0.001,***,TRUE
exclude_asd_medication_or_disorder_records,group_by_aoi_sex,Face,Group,ASD - CTRL,0,-0.4538179143787142,0.3393877624200762,Inf,-1.337166405596565,0.18116832506089756,NA,f,0.181,,FALSE
exclude_asd_medication_or_disorder_records,group_by_aoi_sex,Background,Group,ASD - CTRL,0,0.7800066534012768,0.2845842282694371,Inf,2.740863954915964,0.006127787391510933,NA,f,0.006,**,TRUE
exclude_asd_medication_or_disorder_records,group_by_aoi_sex,Eyes,Group,ASD - CTRL,0,0.37628171122020365,0.21300701353774282,Inf,1.7665226368404536,0.07730820724807094,NA,m,0.077,.,FALSE
exclude_asd_medication_or_disorder_records,group_by_aoi_sex,Mouth,Group,ASD - CTRL,0,-0.08380729801363129,0.2520925291268346,Inf,-0.332446575485248,0.7395520742804348,NA,m,0.740,,FALSE
exclude_asd_medication_or_disorder_records,group_by_aoi_sex,Face,Group,ASD - CTRL,0,-0.04693382904269128,0.232370047207,Inf,-0.20197882475309592,0.8399332784112764,NA,m,0.840,,FALSE
exclude_asd_medication_or_disorder_records,group_by_aoi_sex,Background,Group,ASD - CTRL,0,-0.02257537875410437,0.2164262620339421,Inf,-0.10430979374658272,0.91692350602763,NA,m,0.917,,FALSE
adjust_asd_medication_disorder_records,group_by_aoi,Eyes,Group,ASD - CTRL,0,-0.19539978652648415,0.1297951903850636,Inf,-1.5054470504399378,0.13220918030271064,NA,NA,0.132,,FALSE
adjust_asd_medication_disorder_records,group_by_aoi,Mouth,Group,ASD - CTRL,0,0.0046710194422360796,0.14400435859462213,Inf,0.03243665322231795,0.9741238328125527,NA,NA,0.974,,FALSE
adjust_asd_medication_disorder_records,group_by_aoi,Face,Group,ASD - CTRL,0,-0.16282588498659364,0.13565126616884626,Inf,-1.2003270561730173,0.23001234587193373,NA,NA,0.230,,FALSE
adjust_asd_medication_disorder_records,group_by_aoi,Background,Group,ASD - CTRL,0,0.27694592951497543,0.12809763296170615,Inf,2.161990999457159,0.030618869959589123,NA,NA,0.031,*,TRUE
adjust_asd_medication_disorder_records,group_by_aoi_medication,Eyes,Group,ASD - CTRL,0,-0.09715608869346483,0.2285467885870866,Inf,-0.4251037141851765,0.6707610704522164,NAL/OXT,NA,0.671,,FALSE
adjust_asd_medication_disorder_records,group_by_aoi_medication,Mouth,Group,ASD - CTRL,0,-0.164658694075203,0.25629946587729485,Inf,-0.6424464971535856,0.5205833177041903,NAL/OXT,NA,0.521,,FALSE
adjust_asd_medication_disorder_records,group_by_aoi_medication,Face,Group,ASD - CTRL,0,-0.25470172560245574,0.24114541881491838,Inf,-1.0562163148450354,0.2908693986792883,NAL/OXT,NA,0.291,,FALSE
adjust_asd_medication_disorder_records,group_by_aoi_medication,Background,Group,ASD - CTRL,0,0.3953823620392195,0.22179376019266137,Inf,1.782657734355422,0.07464203543448093,NAL/OXT,NA,0.075,.,FALSE
adjust_asd_medication_disorder_records,group_by_aoi_medication,Eyes,Group,ASD - CTRL,0,0.015218744301356724,0.23656122702785318,Inf,0.06433321509430977,0.9487049064030139,NAL/PLA,NA,0.949,,FALSE
adjust_asd_medication_disorder_records,group_by_aoi_medication,Mouth,Group,ASD - CTRL,0,-0.02789360605892477,0.25762573906631486,Inf,-0.10827181383357327,0.9137800804568843,NAL/PLA,NA,0.914,,FALSE
adjust_asd_medication_disorder_records,group_by_aoi_medication,Face,Group,ASD - CTRL,0,-0.12890061428612107,0.24756343549749132,Inf,-0.5206771106043537,0.6025917222521184,NAL/PLA,NA,0.603,,FALSE
adjust_asd_medication_disorder_records,group_by_aoi_medication,Background,Group,ASD - CTRL,0,0.1151324132573195,0.2258550889103842,Inf,0.5097623162389857,0.6102179892687024,NAL/PLA,NA,0.610,,FALSE
adjust_asd_medication_disorder_records,group_by_aoi_medication,Eyes,Group,ASD - CTRL,0,-0.20214588790672045,0.22522456028823118,Inf,-0.8975303921029936,0.36943596346664404,PLA/OXT,NA,0.369,,FALSE
adjust_asd_medication_disorder_records,group_by_aoi_medication,Mouth,Group,ASD - CTRL,0,0.21745098377743194,0.2518442308619388,Inf,0.863434445304561,0.3878986477640712,PLA/OXT,NA,0.388,,FALSE
adjust_asd_medication_disorder_records,group_by_aoi_medication,Face,Group,ASD - CTRL,0,-0.23475950833181877,0.23625359845739477,Inf,-0.9936759053181345,0.3203806767616726,PLA/OXT,NA,0.320,,FALSE
adjust_asd_medication_disorder_records,group_by_aoi_medication,Background,Group,ASD - CTRL,0,0.19146679818774937,0.22025716339728474,Inf,0.8692874966449773,0.3846899000293754,PLA/OXT,NA,0.385,,FALSE
adjust_asd_medication_disorder_records,group_by_aoi_medication,Eyes,Group,ASD - CTRL,0,-0.49751591380710836,0.23565564156494317,Inf,-2.111198825978458,0.03475522571129223,PLA/PLA,NA,0.035,*,TRUE
adjust_asd_medication_disorder_records,group_by_aoi_medication,Mouth,Group,ASD - CTRL,0,-0.0062146058743597354,0.2626939833377771,Inf,-0.023657206744506488,0.9811260405140763,PLA/PLA,NA,0.981,,FALSE
adjust_asd_medication_disorder_records,group_by_aoi_medication,Face,Group,ASD - CTRL,0,-0.03294169172597913,0.2475683285844586,Inf,-0.13306100951738253,0.8941451307827677,PLA/PLA,NA,0.894,,FALSE
adjust_asd_medication_disorder_records,group_by_aoi_medication,Background,Group,ASD - CTRL,0,0.4058021445756137,0.22731527352574446,Inf,1.7851952413116439,0.07422965358444791,PLA/PLA,NA,0.074,.,FALSE
adjust_asd_medication_disorder_records,group_by_aoi_sex,Eyes,Group,ASD - CTRL,0,-0.46884004782336386,0.17619261273420464,Inf,-2.6609517876361393,0.0077920113518676,NA,f,0.008,**,TRUE
adjust_asd_medication_disorder_records,group_by_aoi_sex,Mouth,Group,ASD - CTRL,0,0.05687922040272057,0.20014935315338464,Inf,0.2841838832181043,0.7762694658497233,NA,f,0.776,,FALSE
adjust_asd_medication_disorder_records,group_by_aoi_sex,Face,Group,ASD - CTRL,0,-0.4194026952788954,0.1891846707730021,Inf,-2.2168957641506064,0.026630215291969093,NA,f,0.027,*,TRUE
adjust_asd_medication_disorder_records,group_by_aoi_sex,Background,Group,ASD - CTRL,0,0.6195905096147324,0.17037402691506218,Inf,3.636648853311552,2.762080563220406e-4,NA,f,<0.001,***,TRUE
adjust_asd_medication_disorder_records,group_by_aoi_sex,Eyes,Group,ASD - CTRL,0,0.07804047477039544,0.16547128599495542,Inf,0.4716254805246065,0.6371941359575365,NA,m,0.637,,FALSE
adjust_asd_medication_disorder_records,group_by_aoi_sex,Mouth,Group,ASD - CTRL,0,-0.04753718151824837,0.18118252756932063,Inf,-0.2623717758880508,0.7930348302581733,NA,m,0.793,,FALSE
adjust_asd_medication_disorder_records,group_by_aoi_sex,Face,Group,ASD - CTRL,0,0.09375092530570805,0.16976850097982157,Inf,0.552228032671686,0.5807921305602111,NA,m,0.581,,FALSE
adjust_asd_medication_disorder_records,group_by_aoi_sex,Background,Group,ASD - CTRL,0,-0.0656986505847815,0.1636163916661773,Inf,-0.4015407619966642,0.6880220335845448,NA,m,0.688,,FALSE
full_sample_influence,group_by_aoi,Eyes,Group,ASD - CTRL,0,-0.27049330059475724,0.16563809003992797,Inf,-1.6330380320707232,0.10246099809791617,NA,NA,0.102,,FALSE
full_sample_influence,group_by_aoi,Mouth,Group,ASD - CTRL,0,0.36128622188127424,0.19762939492720832,Inf,1.828099620576912,0.06753460189992783,NA,NA,0.068,.,FALSE
full_sample_influence,group_by_aoi,Face,Group,ASD - CTRL,0,-0.22839286297704392,0.1863196996892018,Inf,-1.2258116740099085,0.22026955306301546,NA,NA,0.220,,FALSE
full_sample_influence,group_by_aoi,Background,Group,ASD - CTRL,0,0.22182487293368655,0.16851723381062253,Inf,1.3163334569268472,0.1880621461034704,NA,NA,0.188,,FALSE
full_sample_influence,group_by_aoi_medication,Eyes,Group,ASD - CTRL,0,-0.18259336603503418,0.2506184494763444,Inf,-0.728571126413696,0.46626404584476505,NAL/OXT,NA,0.466,,FALSE
full_sample_influence,group_by_aoi_medication,Mouth,Group,ASD - CTRL,0,0.21562709682815762,0.29322742570363386,Inf,0.7353578755832095,0.4621215693314569,NAL/OXT,NA,0.462,,FALSE
full_sample_influence,group_by_aoi_medication,Face,Group,ASD - CTRL,0,-0.32070035007594894,0.2714203168837734,Inf,-1.1815635386398804,0.23737892812694975,NAL/OXT,NA,0.237,,FALSE
full_sample_influence,group_by_aoi_medication,Background,Group,ASD - CTRL,0,0.343438478596092,0.24820764260547945,Inf,1.3836740681751685,0.1664582773194806,NAL/OXT,NA,0.166,,FALSE
full_sample_influence,group_by_aoi_medication,Eyes,Group,ASD - CTRL,0,-0.04607081051137661,0.2578028870741931,Inf,-0.17870556468251614,0.8581688995415135,NAL/PLA,NA,0.858,,FALSE
full_sample_influence,group_by_aoi_medication,Mouth,Group,ASD - CTRL,0,0.3219368633458828,0.2887346490532737,Inf,1.1149921369031226,0.26485379128240083,NAL/PLA,NA,0.265,,FALSE
full_sample_influence,group_by_aoi_medication,Face,Group,ASD - CTRL,0,-0.1923324728356735,0.2783568365410005,Inf,-0.6909565262549028,0.4895928616299439,NAL/PLA,NA,0.490,,FALSE
full_sample_influence,group_by_aoi_medication,Background,Group,ASD - CTRL,0,0.056434393079084544,0.24905450153923758,Inf,0.22659455151503666,0.8207390293665944,NAL/PLA,NA,0.821,,FALSE
full_sample_influence,group_by_aoi_medication,Eyes,Group,ASD - CTRL,0,-0.2932050509990665,0.24560163436385377,Inf,-1.1938236964852167,0.23254694021172978,PLA/OXT,NA,0.233,,FALSE
full_sample_influence,group_by_aoi_medication,Mouth,Group,ASD - CTRL,0,0.5703988674026371,0.28473065135464987,Inf,2.003292812659532,0.045145868500274244,PLA/OXT,NA,0.045,*,TRUE
full_sample_influence,group_by_aoi_medication,Face,Group,ASD - CTRL,0,-0.30326357241679386,0.26862582838049437,Inf,-1.1289442055707202,0.25892137114887,PLA/OXT,NA,0.259,,FALSE
full_sample_influence,group_by_aoi_medication,Background,Group,ASD - CTRL,0,0.14825701540309738,0.2459025319855193,Inf,0.6029096740322623,0.5465687799885492,PLA/OXT,NA,0.547,,FALSE
full_sample_influence,group_by_aoi_medication,Eyes,Group,ASD - CTRL,0,-0.5601039748335513,0.25564414891065584,Inf,-2.1909516694211533,0.028455290081008475,PLA/PLA,NA,0.028,*,TRUE
full_sample_influence,group_by_aoi_medication,Mouth,Group,ASD - CTRL,0,0.33718205994841943,0.29283583439056693,Inf,1.1514371547121045,0.24955243579559935,PLA/PLA,NA,0.250,,FALSE
full_sample_influence,group_by_aoi_medication,Face,Group,ASD - CTRL,0,-0.09727505657975982,0.2774859586128393,Inf,-0.3505584825482369,0.7259196082610573,PLA/PLA,NA,0.726,,FALSE
full_sample_influence,group_by_aoi_medication,Background,Group,ASD - CTRL,0,0.3391696046564726,0.25083683651415706,Inf,1.3521522969666782,0.17632660032983377,PLA/PLA,NA,0.176,,FALSE
full_sample_influence,group_by_aoi_sex,Eyes,Group,ASD - CTRL,0,-0.5803984081987938,0.21089229297923912,Inf,-2.752108197030842,0.005921295385777497,NA,f,0.006,**,TRUE
full_sample_influence,group_by_aoi_sex,Mouth,Group,ASD - CTRL,0,0.5320919297432208,0.27181473730499894,Inf,1.9575536448789714,0.05028241122169553,NA,f,0.050,.,FALSE
full_sample_influence,group_by_aoi_sex,Face,Group,ASD - CTRL,0,-0.5037145565763862,0.2457962628273519,Inf,-2.0493173931216235,0.040431088969190704,NA,f,0.040,*,TRUE
full_sample_influence,group_by_aoi_sex,Background,Group,ASD - CTRL,0,0.5805000967843602,0.2128380962035819,Inf,2.7274257153151082,0.006383062802373106,NA,f,0.006,**,TRUE
full_sample_influence,group_by_aoi_sex,Eyes,Group,ASD - CTRL,0,0.03941180700927929,0.18799451150971086,Inf,0.20964339167552493,0.8339460104553179,NA,m,0.834,,FALSE
full_sample_influence,group_by_aoi_sex,Mouth,Group,ASD - CTRL,0,0.19048051401932764,0.20113854329004302,Inf,0.9470115021398637,0.3436329178666214,NA,m,0.344,,FALSE
full_sample_influence,group_by_aoi_sex,Face,Group,ASD - CTRL,0,0.04692883062229869,0.19612404496072786,Inf,0.2392813723156474,0.8108874086623497,NA,m,0.811,,FALSE
full_sample_influence,group_by_aoi_sex,Background,Group,ASD - CTRL,0,-0.13685035091698705,0.18806670854355315,Inf,-0.7276691976841545,0.4668161102134237,NA,m,0.467,,FALSE
